row of label,Sum of energy_kwh
01-01-2022,5069.6
02-01-2022,3861.2
03-01-2022,6232.4
04-01-2022,5645.5
05-01-2022,6130.6
06-01-2022,6042.8
07-01-2022,6053.7
08-01-2022,3645.9
09-01-2022,3902.3
10-01-2022,6405.7
11-01-2022,5984.9
12-01-2022,6051.6
13-01-2022,5643.6
14-01-2022,5846.7
15-01-2022,4795.7
16-01-2022,3928.3
17-01-2022,6382.4
18-01-2022,5764.5
19-01-2022,5557.3
20-01-2022,6129.4
21-01-2022,6131.3
22-01-2022,4793.4
23-01-2022,4495.8
24-01-2022,5802.3
25-01-2022,5030.8
26-01-2022,5936.7
27-01-2022,5306.7
28-01-2022,6444.9
29-01-2022,4674.1
30-01-2022,3795.1
31-01-2022,5719.6
01-02-2022,6162
02-02-2022,5365.8
03-02-2022,5856.2
04-02-2022,6334.8
05-02-2022,4310.6
06-02-2022,4368
07-02-2022,5380
08-02-2022,6205.4
09-02-2022,6065.7
10-02-2022,6824.9
11-02-2022,6651.7
12-02-2022,3595.9
13-02-2022,3958.4
14-02-2022,5846.9
15-02-2022,5405.4
16-02-2022,6776.4
17-02-2022,5388
18-02-2022,5708.6
19-02-2022,4180.6
20-02-2022,3901.3
21-02-2022,5734.9
22-02-2022,7377.7
23-02-2022,6028.3
24-02-2022,5651.3
25-02-2022,6987
26-02-2022,4441.8
27-02-2022,4935.8
28-02-2022,6261.8
01-03-2022,5819.4
02-03-2022,7097.9
03-03-2022,5479.4
04-03-2022,5697
05-03-2022,3842.1
06-03-2022,4485.5
07-03-2022,6311.1
08-03-2022,6186.5
09-03-2022,7008.8
10-03-2022,6772.4
11-03-2022,5708.9
12-03-2022,4113.3
13-03-2022,4448.9
14-03-2022,6390.3
15-03-2022,6351.4
16-03-2022,6428.2
17-03-2022,6007.9
18-03-2022,5529.6
19-03-2022,4268.3
20-03-2022,4237
21-03-2022,5112.5
22-03-2022,5871
23-03-2022,5480.4
24-03-2022,6549.3
25-03-2022,6526.7
26-03-2022,4431.5
27-03-2022,4694.9
28-03-2022,6409.3
29-03-2022,6145.1
30-03-2022,5457
31-03-2022,4810.1
01-04-2022,5494.3
02-04-2022,4587.6
03-04-2022,4620.8
04-04-2022,5940.6
05-04-2022,6049.8
06-04-2022,6529.7
07-04-2022,5419.8
08-04-2022,5893
09-04-2022,4488.7
10-04-2022,5226.2
11-04-2022,5121.2
12-04-2022,6153.8
13-04-2022,5934.3
14-04-2022,6004
15-04-2022,5448.8
16-04-2022,4974.4
17-04-2022,4187.5
18-04-2022,6100.5
19-04-2022,6228.7
20-04-2022,6227.5
21-04-2022,6074.2
22-04-2022,5975.3
23-04-2022,4592.7
24-04-2022,4333
25-04-2022,5346.7
26-04-2022,5421.6
27-04-2022,5051.8
28-04-2022,6559.9
29-04-2022,5939.1
30-04-2022,4126
01-05-2022,4718.2
02-05-2022,5666.9
03-05-2022,5962.6
04-05-2022,5954.1
05-05-2022,5424.4
06-05-2022,7064.3
07-05-2022,4208.9
08-05-2022,4971.2
09-05-2022,5806.8
10-05-2022,5719.6
11-05-2022,5222.4
12-05-2022,6099.7
13-05-2022,5994.4
14-05-2022,4399.1
15-05-2022,4520.4
16-05-2022,5990.4
17-05-2022,5803
18-05-2022,6266.9
19-05-2022,6366.8
20-05-2022,5470.3
21-05-2022,4464.4
22-05-2022,4351.6
23-05-2022,5817.3
24-05-2022,5878.1
25-05-2022,5786.4
26-05-2022,5713.6
27-05-2022,6371.4
28-05-2022,4833.5
29-05-2022,4208.6
30-05-2022,7027.6
31-05-2022,6734.5
01-06-2022,6206.6
02-06-2022,5918.9
03-06-2022,5575.4
04-06-2022,4806.4
05-06-2022,5474.6
06-06-2022,5657.6
07-06-2022,5615.3
08-06-2022,5116.4
09-06-2022,5986.8
10-06-2022,6409.4
11-06-2022,4748.9
12-06-2022,4690.2
13-06-2022,5656.2
14-06-2022,4873.5
15-06-2022,5694.1
16-06-2022,6150.5
17-06-2022,5897.7
18-06-2022,4288.8
19-06-2022,4152.7
20-06-2022,5713.1
21-06-2022,6162.6
22-06-2022,6045
23-06-2022,6484.1
24-06-2022,5967.7
25-06-2022,4498.6
26-06-2022,4552.9
27-06-2022,5986.9
28-06-2022,5062.8
29-06-2022,6018.7
30-06-2022,6152.5
01-07-2022,5687
02-07-2022,4582
03-07-2022,4124.4
04-07-2022,6906.6
05-07-2022,6258.5
06-07-2022,6426.1
07-07-2022,5213
08-07-2022,6108
09-07-2022,4604.4
10-07-2022,4023.3
11-07-2022,5718.7
12-07-2022,6039.6
13-07-2022,6838.3
14-07-2022,5132.9
15-07-2022,5398.7
16-07-2022,4712.1
17-07-2022,4976.5
18-07-2022,5688.3
19-07-2022,5810.6
20-07-2022,6128
21-07-2022,5203.8
22-07-2022,5647.8
23-07-2022,5517.7
24-07-2022,4234.2
25-07-2022,6037.1
26-07-2022,6480.9
27-07-2022,5927.2
28-07-2022,5338.9
29-07-2022,5404.7
30-07-2022,4482.7
31-07-2022,4086.3
01-08-2022,5702.7
02-08-2022,6245.7
03-08-2022,6173.8
04-08-2022,6694.8
05-08-2022,6287.2
06-08-2022,4362.7
07-08-2022,3974.7
08-08-2022,6694.9
09-08-2022,5260.8
10-08-2022,5579.3
11-08-2022,6091.9
12-08-2022,5626.5
13-08-2022,4291.2
14-08-2022,4508.7
15-08-2022,6979.9
16-08-2022,6090.3
17-08-2022,5745
18-08-2022,5948
19-08-2022,5961.4
20-08-2022,3398.7
21-08-2022,4184.2
22-08-2022,5823.8
23-08-2022,6430.9
24-08-2022,6329.7
25-08-2022,6170.1
26-08-2022,6124.9
27-08-2022,5206.5
28-08-2022,4926.8
29-08-2022,5822.6
30-08-2022,5813.9
31-08-2022,6612
01-09-2022,5500.7
02-09-2022,6687.9
03-09-2022,3820.7
04-09-2022,4064.8
05-09-2022,5632.1
06-09-2022,6056
07-09-2022,5149.8
08-09-2022,5893.1
09-09-2022,6065.3
10-09-2022,4391.3
11-09-2022,4085.2
12-09-2022,5894.2
13-09-2022,5656.3
14-09-2022,6266.3
15-09-2022,4811.5
16-09-2022,6214.2
17-09-2022,3822.5
18-09-2022,4745
19-09-2022,6276.1
20-09-2022,4842.1
21-09-2022,6810.6
22-09-2022,6392.2
23-09-2022,5569.7
24-09-2022,4364.9
25-09-2022,4280.2
26-09-2022,5307.5
27-09-2022,5956.7
28-09-2022,5834.7
29-09-2022,5784.8
30-09-2022,5743.9
01-10-2022,4207.5
02-10-2022,5240.5
03-10-2022,5743.5
04-10-2022,6620
05-10-2022,5735.1
06-10-2022,5968.1
07-10-2022,6111.6
08-10-2022,5168
09-10-2022,4426.2
10-10-2022,5527.8
11-10-2022,6189.6
12-10-2022,5647
13-10-2022,6553.5
14-10-2022,6150.9
15-10-2022,4566.9
16-10-2022,3776.3
17-10-2022,5392.7
18-10-2022,5197.3
19-10-2022,6500.3
20-10-2022,6101.7
21-10-2022,5740.9
22-10-2022,3920.6
23-10-2022,4775.4
24-10-2022,6422.8
25-10-2022,5434.7
26-10-2022,5377.4
27-10-2022,6610.4
28-10-2022,5243.2
29-10-2022,4082.2
30-10-2022,4883.4
31-10-2022,5516.8
01-11-2022,5743.4
02-11-2022,5158.7
03-11-2022,6770.7
04-11-2022,6018.6
05-11-2022,4232.9
06-11-2022,4566.1
07-11-2022,6127.9
08-11-2022,5861.5
09-11-2022,5657
10-11-2022,6203.6
11-11-2022,6652.2
12-11-2022,4563.7
13-11-2022,4683.9
14-11-2022,6895
15-11-2022,5939.3
16-11-2022,5845.4
17-11-2022,6547.9
18-11-2022,5977.7
19-11-2022,3691.8
20-11-2022,4719.2
21-11-2022,5373.4
22-11-2022,5835.9
23-11-2022,6470.4
24-11-2022,5214.4
25-11-2022,6599.2
26-11-2022,4330.1
27-11-2022,4528.6
28-11-2022,6835.1
29-11-2022,6214.1
30-11-2022,5814.8
01-12-2022,4956.8
02-12-2022,6371.4
03-12-2022,4226.2
04-12-2022,4378.4
05-12-2022,5707.2
06-12-2022,7312
07-12-2022,5827.2
08-12-2022,6048.3
09-12-2022,5722
10-12-2022,4517.9
11-12-2022,4115.1
12-12-2022,6259.7
13-12-2022,5490.1
14-12-2022,5880.6
15-12-2022,5435
16-12-2022,5802.3
17-12-2022,4490.5
18-12-2022,3970.9
19-12-2022,6109.8
20-12-2022,5328
21-12-2022,5422.9
22-12-2022,6439.9
23-12-2022,6397.8
24-12-2022,5132.4
25-12-2022,4050.9
26-12-2022,6015.7
27-12-2022,6519.4
28-12-2022,5856.9
29-12-2022,5144.6
30-12-2022,5821.6
31-12-2022,4486.7
01-01-2023,8505.4
02-01-2023,11553.9
03-01-2023,12001.8
04-01-2023,11898.9
05-01-2023,12759.2
06-01-2023,12032.8
07-01-2023,9598.8
08-01-2023,8820.4
09-01-2023,12371.1
10-01-2023,12951.1
11-01-2023,11780
12-01-2023,11606.4
13-01-2023,13007.5
14-01-2023,7684
15-01-2023,8565.4
16-01-2023,11944.3
17-01-2023,11935.3
18-01-2023,13310.2
19-01-2023,11285
20-01-2023,12782.5
21-01-2023,9967.7
22-01-2023,9415
23-01-2023,13205.9
24-01-2023,12252.3
25-01-2023,11902.5
26-01-2023,12661.4
27-01-2023,12155.2
28-01-2023,8572.9
29-01-2023,7733.2
30-01-2023,12034.6
31-01-2023,11874.6
01-02-2023,11659.2
02-02-2023,11202.3
03-02-2023,12585.2
04-02-2023,8207.7
05-02-2023,9246.1
06-02-2023,11136.9
07-02-2023,12140.6
08-02-2023,11755.4
09-02-2023,12524.9
10-02-2023,11010
11-02-2023,8600.4
12-02-2023,9402
13-02-2023,13035.5
14-02-2023,11975.4
15-02-2023,12266.6
16-02-2023,11796.9
17-02-2023,13045.7
18-02-2023,9347.8
19-02-2023,8342
20-02-2023,11061.5
21-02-2023,12734.2
22-02-2023,12116.4
23-02-2023,11187.3
24-02-2023,13563.7
25-02-2023,8557.1
26-02-2023,9211.6
27-02-2023,12327.9
28-02-2023,11374.5
01-03-2023,11846.6
02-03-2023,11907.6
03-03-2023,12342.1
04-03-2023,8775.3
05-03-2023,8807.5
06-03-2023,11662.5
07-03-2023,12181.8
08-03-2023,11918.1
09-03-2023,12337.6
10-03-2023,11926.7
11-03-2023,8366.6
12-03-2023,9179.5
13-03-2023,11619
14-03-2023,12910.7
15-03-2023,11324.5
16-03-2023,11276
17-03-2023,11756.4
18-03-2023,8605.7
19-03-2023,8415.9
20-03-2023,12387.8
21-03-2023,13213.5
22-03-2023,11012.5
23-03-2023,11647.3
24-03-2023,13563.8
25-03-2023,8831.2
26-03-2023,9023.4
27-03-2023,13125
28-03-2023,11670.2
29-03-2023,11847.4
30-03-2023,12791.4
31-03-2023,11656
01-04-2023,7843.4
02-04-2023,8614.7
03-04-2023,13225
04-04-2023,12386.9
05-04-2023,12252.5
06-04-2023,10346.8
07-04-2023,11847.7
08-04-2023,8923.2
09-04-2023,8957.7
10-04-2023,11647
11-04-2023,11767.4
12-04-2023,11895
13-04-2023,13049
14-04-2023,11585.6
15-04-2023,9558.2
16-04-2023,8805.2
17-04-2023,11437.8
18-04-2023,13417.6
19-04-2023,12392.4
20-04-2023,11530.7
21-04-2023,11526.1
22-04-2023,8912.2
23-04-2023,9628.6
24-04-2023,11433.5
25-04-2023,10425.7
26-04-2023,11385.8
27-04-2023,11774.7
28-04-2023,12189.8
29-04-2023,8269.8
30-04-2023,8498.1
01-05-2023,11434.7
02-05-2023,12217.9
03-05-2023,10824.1
04-05-2023,12530.9
05-05-2023,11568.7
06-05-2023,8544.1
07-05-2023,8620.8
08-05-2023,11309.7
09-05-2023,12002.6
10-05-2023,11880.6
11-05-2023,11194.8
12-05-2023,11770.1
13-05-2023,8867.8
14-05-2023,8978.8
15-05-2023,11557.1
16-05-2023,10786.1
17-05-2023,11951.3
18-05-2023,12209.6
19-05-2023,13552.5
20-05-2023,8599.3
21-05-2023,8455.9
22-05-2023,13136.9
23-05-2023,13123.7
24-05-2023,11285.7
25-05-2023,13352.4
26-05-2023,11576.2
27-05-2023,8445.2
28-05-2023,9406.4
29-05-2023,12216.6
30-05-2023,10871.9
31-05-2023,12369.8
01-06-2023,11369.4
02-06-2023,13150.9
03-06-2023,9033.8
04-06-2023,7690.6
05-06-2023,13017.4
06-06-2023,12550
07-06-2023,11901.7
08-06-2023,12274.1
09-06-2023,11647.5
10-06-2023,8785.8
11-06-2023,8208.1
12-06-2023,12568.9
13-06-2023,11977.3
14-06-2023,12113.9
15-06-2023,11492.2
16-06-2023,12210
17-06-2023,9079.2
18-06-2023,9252.6
19-06-2023,11221.9
20-06-2023,11744.6
21-06-2023,11676.9
22-06-2023,12744.9
23-06-2023,12179.6
24-06-2023,7992
25-06-2023,9170.7
26-06-2023,12032.6
27-06-2023,12663.6
28-06-2023,13310.4
29-06-2023,12090.8
30-06-2023,12451.5
01-07-2023,9459.6
02-07-2023,8687.9
03-07-2023,12023.1
04-07-2023,12357.2
05-07-2023,11160.9
06-07-2023,11258.9
07-07-2023,12311.3
08-07-2023,8683.7
09-07-2023,9313.3
10-07-2023,12646
11-07-2023,10650.1
12-07-2023,11183.4
13-07-2023,13259.4
14-07-2023,11411.4
15-07-2023,9254.7
16-07-2023,8973.3
17-07-2023,11094.5
18-07-2023,11569.1
19-07-2023,11881.7
20-07-2023,11360.2
21-07-2023,13038.4
22-07-2023,9097.8
23-07-2023,8840.2
24-07-2023,13815.9
25-07-2023,12814.7
26-07-2023,12976.5
27-07-2023,12629.6
28-07-2023,11186.7
29-07-2023,8578.1
30-07-2023,8425.6
31-07-2023,11970.3
01-08-2023,12699
02-08-2023,12008.6
03-08-2023,11197.9
04-08-2023,11280
05-08-2023,9446.6
06-08-2023,8568.9
07-08-2023,11900.9
08-08-2023,11202.4
09-08-2023,11596.4
10-08-2023,12329.6
11-08-2023,12207.6
12-08-2023,9548.6
13-08-2023,10165.3
14-08-2023,11301.3
15-08-2023,11823.3
16-08-2023,11458.2
17-08-2023,11338.9
18-08-2023,10800
19-08-2023,8972.6
20-08-2023,8553.4
21-08-2023,11726.2
22-08-2023,12771.9
23-08-2023,11143.9
24-08-2023,12400.9
25-08-2023,11750.2
26-08-2023,8836.7
27-08-2023,8422.1
28-08-2023,11814.2
29-08-2023,12587.3
30-08-2023,12822.7
31-08-2023,13028
01-09-2023,11688.7
02-09-2023,8741.2
03-09-2023,9202.7
04-09-2023,11581.9
05-09-2023,13062.2
06-09-2023,11599.7
07-09-2023,12041.2
08-09-2023,12022.4
09-09-2023,8355.2
10-09-2023,8753.2
11-09-2023,11403.2
12-09-2023,12693.2
13-09-2023,12362.6
14-09-2023,12155.4
15-09-2023,11525.9
16-09-2023,9503.1
17-09-2023,8959.5
18-09-2023,12572.7
19-09-2023,10296.9
20-09-2023,10843
21-09-2023,12391.6
22-09-2023,11575.8
23-09-2023,8019.4
24-09-2023,10151.4
25-09-2023,12501.2
26-09-2023,12263
27-09-2023,12738.1
28-09-2023,12693.9
29-09-2023,11248.3
30-09-2023,8310.2
01-10-2023,8717
02-10-2023,12299.1
03-10-2023,11317.6
04-10-2023,12168.5
05-10-2023,10658.3
06-10-2023,10192.2
07-10-2023,9106.8
08-10-2023,9153.6
09-10-2023,11824.6
10-10-2023,12386.3
11-10-2023,11851.6
12-10-2023,10717.6
13-10-2023,11649.5
14-10-2023,8777.3
15-10-2023,8234.9
16-10-2023,11671.2
17-10-2023,11649
18-10-2023,10503.7
19-10-2023,12388.8
20-10-2023,12889.8
21-10-2023,7968
22-10-2023,7846.6
23-10-2023,12296.9
24-10-2023,13355.5
25-10-2023,12928.3
26-10-2023,12263.7
27-10-2023,11662.4
28-10-2023,8345.2
29-10-2023,8920.7
30-10-2023,12901.3
31-10-2023,11495.8
01-11-2023,12742
02-11-2023,12160.8
03-11-2023,11373.8
04-11-2023,8941.9
05-11-2023,9399.2
06-11-2023,12722.7
07-11-2023,11247.8
08-11-2023,12091.5
09-11-2023,12605.7
10-11-2023,11860.7
11-11-2023,9930.4
12-11-2023,9257.5
13-11-2023,12613.4
14-11-2023,11468.5
15-11-2023,11479
16-11-2023,12426.1
17-11-2023,11772
18-11-2023,8766.4
19-11-2023,8870.7
20-11-2023,11141.8
21-11-2023,11300.1
22-11-2023,11384.8
23-11-2023,11102
24-11-2023,12188.7
25-11-2023,9769.9
26-11-2023,8794.6
27-11-2023,11888.4
28-11-2023,11168.3
29-11-2023,12104.5
30-11-2023,12154.4
01-12-2023,12719.8
02-12-2023,8440.7
03-12-2023,8231.1
04-12-2023,13054.8
05-12-2023,12377.8
06-12-2023,12899.8
07-12-2023,12316.1
08-12-2023,11880.1
09-12-2023,9474.8
10-12-2023,8890.6
11-12-2023,11252.3
12-12-2023,13803.1
13-12-2023,10897.1
14-12-2023,12772.8
15-12-2023,12414.8
16-12-2023,8765.1
17-12-2023,8570.2
18-12-2023,12258.2
19-12-2023,11436
20-12-2023,11690.6
21-12-2023,10995.9
22-12-2023,11332.5
23-12-2023,9463.2
24-12-2023,8712.4
25-12-2023,12018.6
26-12-2023,11714.2
27-12-2023,12267.2
28-12-2023,12781.3
29-12-2023,12431.3
30-12-2023,7461.7
31-12-2023,8794
01-01-2024,23382.8
02-01-2024,22856.7
03-01-2024,23743.4
04-01-2024,22555
05-01-2024,21273.7
06-01-2024,16806.7
07-01-2024,16200.6
08-01-2024,22466
09-01-2024,23021.9
10-01-2024,22510.9
11-01-2024,22270.5
12-01-2024,23878.1
13-01-2024,17062.2
14-01-2024,17077.4
15-01-2024,22490.8
16-01-2024,22564.9
17-01-2024,22212.8
18-01-2024,22232.5
19-01-2024,22164.7
20-01-2024,17150.9
21-01-2024,16910.9
22-01-2024,22490
23-01-2024,23328.7
24-01-2024,24321.7
25-01-2024,23488.5
26-01-2024,22610.3
27-01-2024,17157.7
28-01-2024,16060.7
29-01-2024,24379.5
30-01-2024,23511.5
31-01-2024,22852.3
01-02-2024,22697.5
02-02-2024,23925.4
03-02-2024,16866.9
04-02-2024,16589.6
05-02-2024,22423.7
06-02-2024,23691.4
07-02-2024,25288.6
08-02-2024,23643
09-02-2024,22796.7
10-02-2024,16820.6
11-02-2024,16668.4
12-02-2024,21927.7
13-02-2024,23132.1
14-02-2024,22778.1
15-02-2024,24717.8
16-02-2024,24170.2
17-02-2024,16027.4
18-02-2024,16040.7
19-02-2024,22261.9
20-02-2024,23361.4
21-02-2024,23069
22-02-2024,23497
23-02-2024,23789.6
24-02-2024,17064
25-02-2024,16755.9
26-02-2024,23728.2
27-02-2024,22379.2
28-02-2024,22050.6
29-02-2024,24317.8
01-03-2024,23198.4
02-03-2024,15773.8
03-03-2024,16313.4
04-03-2024,21462.2
05-03-2024,21718
06-03-2024,23090.7
07-03-2024,23307.1
08-03-2024,22377.9
09-03-2024,16820.2
10-03-2024,15909
11-03-2024,22581.9
12-03-2024,24419.2
13-03-2024,22764.6
14-03-2024,22536.6
15-03-2024,22421.4
16-03-2024,15127.8
17-03-2024,15425.3
18-03-2024,22608.4
19-03-2024,22721.8
20-03-2024,23433.9
21-03-2024,23013.4
22-03-2024,23923.9
23-03-2024,15744.7
24-03-2024,17527.6
25-03-2024,21051.3
26-03-2024,22450.7
27-03-2024,22883.1
28-03-2024,24382.2
29-03-2024,22780.4
30-03-2024,17151.8
31-03-2024,16837.1
01-04-2024,22150.1
02-04-2024,22637.5
03-04-2024,22150.1
04-04-2024,22698.9
05-04-2024,22580.4
06-04-2024,16411.6
07-04-2024,16367.2
08-04-2024,22823.2
09-04-2024,23093
10-04-2024,22454.3
11-04-2024,24223.8
12-04-2024,23093.3
13-04-2024,15553.6
14-04-2024,16610.2
15-04-2024,23034.4
16-04-2024,22787.4
17-04-2024,20538.9
18-04-2024,23288
19-04-2024,24403.5
20-04-2024,17033.1
21-04-2024,15187.6
22-04-2024,22194
23-04-2024,24319.8
24-04-2024,23179.8
25-04-2024,23357.7
26-04-2024,22732.8
27-04-2024,17092.2
28-04-2024,17276.3
29-04-2024,21897.5
30-04-2024,22870.8
01-05-2024,22686.9
02-05-2024,23807.9
03-05-2024,22869.6
04-05-2024,16852.3
05-05-2024,16037.6
06-05-2024,22996.6
07-05-2024,22014.9
08-05-2024,24431.9
09-05-2024,24134.3
10-05-2024,21691
11-05-2024,17169.4
12-05-2024,17112
13-05-2024,23901.8
14-05-2024,20644.4
15-05-2024,23993.6
16-05-2024,23010.2
17-05-2024,23067.5
18-05-2024,17123.4
19-05-2024,17659.4
20-05-2024,23288.3
21-05-2024,23753.7
22-05-2024,22710.9
23-05-2024,22094.7
24-05-2024,23242.1
25-05-2024,17437.6
26-05-2024,17452.8
27-05-2024,22497.3
28-05-2024,22983.2
29-05-2024,23565.8
30-05-2024,21432.3
31-05-2024,21853.7
01-06-2024,16955.1
02-06-2024,17763.8
03-06-2024,23816.6
04-06-2024,22467.5
05-06-2024,24660.9
06-06-2024,23170.9
07-06-2024,25574.6
08-06-2024,16839.7
09-06-2024,16391.7
10-06-2024,23313.6
11-06-2024,21384.8
12-06-2024,22868.9
13-06-2024,23449.4
14-06-2024,22946.6
15-06-2024,17871.6
16-06-2024,17692.3
17-06-2024,22355.3
18-06-2024,23065.7
19-06-2024,21741.8
20-06-2024,24109.7
21-06-2024,23925.9
22-06-2024,17062.9
23-06-2024,16854.8
24-06-2024,24131.2
25-06-2024,22585.4
26-06-2024,21568.9
27-06-2024,21805.4
28-06-2024,22560
29-06-2024,17432.6
30-06-2024,17066.7
01-07-2024,23243.9
02-07-2024,21598.7
03-07-2024,23636.8
04-07-2024,22885.7
05-07-2024,22771.9
06-07-2024,17342.4
07-07-2024,17501.2
08-07-2024,23286
09-07-2024,21276.5
10-07-2024,23909.1
11-07-2024,21958
12-07-2024,24290.8
13-07-2024,16691.3
14-07-2024,16708.4
15-07-2024,22455.7
16-07-2024,22079.8
17-07-2024,21428.4
18-07-2024,21485.7
19-07-2024,21747.7
20-07-2024,16496.7
21-07-2024,16702.5
22-07-2024,23949.2
23-07-2024,23907.8
24-07-2024,22708
25-07-2024,23209.2
26-07-2024,20920.3
27-07-2024,17487.3
28-07-2024,17757.1
29-07-2024,23247.5
30-07-2024,21988.6
31-07-2024,23179.5
01-08-2024,22902.6
02-08-2024,24090.5
03-08-2024,16814.5
04-08-2024,17452.4
05-08-2024,22772.4
06-08-2024,22069.4
07-08-2024,21764.7
08-08-2024,23715.1
09-08-2024,22538.7
10-08-2024,15208.7
11-08-2024,16535.3
12-08-2024,22710.3
13-08-2024,23009.6
14-08-2024,23096.6
15-08-2024,22390.7
16-08-2024,21709.1
17-08-2024,16478
18-08-2024,17611.4
19-08-2024,23099
20-08-2024,22739.8
21-08-2024,22900.7
22-08-2024,22770.5
23-08-2024,23079.6
24-08-2024,16243.6
25-08-2024,16435.7
26-08-2024,24515.3
27-08-2024,22420.5
28-08-2024,22621.4
29-08-2024,21411
30-08-2024,22555.5
31-08-2024,15893.8
01-09-2024,15437.9
02-09-2024,23330.4
03-09-2024,25307.4
04-09-2024,21827.2
05-09-2024,21951.4
06-09-2024,22882.3
07-09-2024,17702.4
08-09-2024,17460.8
09-09-2024,22625.5
10-09-2024,22856.6
11-09-2024,21857.9
12-09-2024,24015
13-09-2024,23581.4
14-09-2024,16821.9
15-09-2024,17139.7
16-09-2024,21088.4
17-09-2024,23392.6
18-09-2024,21747.7
19-09-2024,21808.5
20-09-2024,23463.3
21-09-2024,16291.3
22-09-2024,16538.4
23-09-2024,22794.5
24-09-2024,23008.8
25-09-2024,23261.3
26-09-2024,22889.1
27-09-2024,23727.6
28-09-2024,16565.2
29-09-2024,17153.1
30-09-2024,21323.1
01-10-2024,25651.9
02-10-2024,23490.3
03-10-2024,21241.5
04-10-2024,23614.5
05-10-2024,16620.4
06-10-2024,15774.6
07-10-2024,22713.2
08-10-2024,22782.5
09-10-2024,22679.7
10-10-2024,24686.9
11-10-2024,22726.4
12-10-2024,16444.5
13-10-2024,17927
14-10-2024,22833.1
15-10-2024,22124.6
16-10-2024,24469
17-10-2024,24446.4
18-10-2024,22079.3
19-10-2024,17365.8
20-10-2024,16751.8
21-10-2024,20952.9
22-10-2024,21839.2
23-10-2024,23827.6
24-10-2024,22814.2
25-10-2024,24453.9
26-10-2024,15608.2
27-10-2024,15733.3
28-10-2024,23530.8
29-10-2024,22029.4
30-10-2024,24921.4
31-10-2024,21170.5
01-11-2024,23134.7
02-11-2024,17377.2
03-11-2024,17523.7
04-11-2024,22442.5
05-11-2024,22761.9
06-11-2024,21957.8
07-11-2024,23968.2
08-11-2024,23337.5
09-11-2024,16770.7
10-11-2024,16067
11-11-2024,21685.1
12-11-2024,22753.2
13-11-2024,23926.5
14-11-2024,21215.8
15-11-2024,23853.2
16-11-2024,16870.7
17-11-2024,17472.3
18-11-2024,23224
19-11-2024,21556.7
20-11-2024,23419.1
21-11-2024,22824.8
22-11-2024,21790.5
23-11-2024,15999.9
24-11-2024,17279.7
25-11-2024,21719.9
26-11-2024,23693.1
27-11-2024,23302.8
28-11-2024,21077.1
29-11-2024,24023.6
30-11-2024,18274.3
01-12-2024,15336
02-12-2024,21075.2
03-12-2024,22258.2
04-12-2024,22824.7
05-12-2024,23005.7
06-12-2024,23645.2
07-12-2024,17333.4
08-12-2024,16516.2
09-12-2024,23855.6
10-12-2024,25577.4
11-12-2024,23148
12-12-2024,22183.3
13-12-2024,22057.1
14-12-2024,17079.5
15-12-2024,16366.6
16-12-2024,22667
17-12-2024,24412.9
18-12-2024,23536.4
19-12-2024,23021.4
20-12-2024,23808.2
21-12-2024,16874.1
22-12-2024,16870.2
23-12-2024,23094.7
24-12-2024,23993
25-12-2024,22645.8
26-12-2024,22256.6
27-12-2024,22767.3
28-12-2024,17681.4
29-12-2024,17014.7
30-12-2024,22148.8
31-12-2024,24530.2
